OrderID,CustomerID,ProductID,OrderDate,Quantity
1,73,15,2025-02-21,5
2,28,3,2025-09-17,5
3,45,9,2025-02-05,2
4,48,29,2025-05-26,2
5,70,6,2025-12-27,4
6,84,10,2025-09-28,5
7,39,1,2025-12-06,5
8,34,4,2025-03-01,2
9,96,29,2025-10-11,1
10,37,5,2025-11-06,3
11,27,7,2025-12-18,3
12,65,21,2025-09-08,3
13,12,9,2025-11-21,1
14,6,14,2025-01-02,3
15,82,11,2025-05-15,2
16,71,6,2025-12-28,4
17,2,14,2025-02-27,5
18,70,3,2025-01-19,2
19,75,27,2025-10-10,3
20,17,5,2025-01-22,4
21,6,10,2025-07-03,3
22,86,7,2025-02-22,2
23,53,12,2025-11-14,5
24,31,24,2025-03-25,2
25,53,26,2025-01-13,2
26,53,6,2025-12-09,3
27,35,28,2025-03-23,2
28,49,26,2025-01-20,1
29,29,28,2025-04-13,4
30,45,27,2025-06-06,4
31,29,27,2025-01-13,2
32,52,22,2025-06-18,2
33,99,9,2025-05-23,1
34,52,12,2025-12-14,5
35,43,27,2025-01-15,5
36,23,4,2025-10-25,3
37,14,9,2025-11-02,1
38,94,14,2025-06-10,3
39,66,14,2025-03-01,5
40,25,13,2025-05-11,5
41,1,2,2025-09-24,4
42,88,30,2025-12-10,5
43,56,7,2025-02-05,3
44,80,22,2025-06-10,3
45,93,22,2025-06-03,1
46,86,17,2025-07-29,3
47,90,11,2025-06-01,4
48,25,18,2025-08-04,2
49,87,22,2025-03-31,4
50,39,20,2025-07-27,5
51,39,18,2025-05-27,1
52,75,7,2025-11-07,4
53,60,21,2025-08-15,3
54,66,15,2025-08-31,2
55,85,26,2025-02-13,2
56,85,10,2025-11-21,5
57,12,20,2025-05-01,3
58,29,22,2025-04-12,3
59,6,5,2025-05-06,1
60,99,16,2025-02-07,5
61,81,15,2025-10-22,4
62,64,7,2025-07-24,4
63,84,8,2025-12-19,2
64,100,1,2025-08-06,1
65,90,8,2025-09-23,2
66,72,15,2025-05-08,1
67,59,30,2025-03-10,1
68,86,26,2025-09-29,4
69,41,18,2025-08-15,5
70,55,20,2025-10-08,5
71,96,15,2025-09-01,2
72,97,15,2025-05-07,3
73,99,27,2025-09-24,3
74,36,16,2025-08-14,2
75,31,3,2025-05-20,3
76,70,11,2025-02-11,3
77,30,5,2025-07-16,2
78,91,23,2025-04-20,2
79,53,3,2025-06-19,4
80,54,18,2025-02-01,4
81,50,7,2025-10-27,4
82,98,23,2025-10-22,1
83,1,13,2025-06-30,4
84,54,10,2025-10-03,4
85,78,24,2025-04-23,5
86,35,16,2025-08-12,2
87,50,16,2025-06-22,1
88,93,22,2025-03-26,4
89,17,27,2025-11-15,4
90,51,18,2025-10-31,1
91,11,19,2025-11-26,1
92,60,14,2025-04-04,2
93,49,2,2025-06-17,3
94,42,7,2025-06-22,4
95,36,25,2025-08-04,4
96,61,9,2025-01-10,1
97,7,24,2025-06-29,5
98,100,8,2025-11-30,1
99,32,2,2025-04-13,1
100,80,27,2025-03-20,1
101,61,8,2025-12-09,2
102,28,4,2025-08-27,5
103,99,23,2025-07-08,3
104,78,6,2025-02-28,5
105,40,25,2025-02-25,2
106,40,19,2025-10-22,1
107,51,22,2025-04-12,4
108,89,3,2025-11-18,5
109,90,8,2025-06-04,1
110,16,28,2025-10-17,5
111,45,26,2025-09-30,1
112,9,14,2025-09-17,3
113,2,21,2025-08-04,3
114,14,27,2025-08-10,4
115,91,12,2025-03-20,4
116,94,14,2025-09-25,2
117,79,21,2025-10-03,3
118,60,25,2025-08-12,4
119,35,27,2025-06-15,5
120,12,28,2025-05-23,2
121,32,29,2025-08-26,4
122,86,19,2025-07-14,5
123,64,11,2025-06-16,1
124,28,6,2025-07-01,4
125,44,26,2025-05-24,3
126,90,29,2025-05-22,5
127,67,18,2025-04-08,1
128,93,3,2025-07-28,2
129,98,16,2025-05-04,5
130,83,23,2025-12-31,4
131,3,16,2025-02-17,4
132,52,10,2025-12-21,2
133,85,8,2025-10-25,3
134,71,12,2025-09-29,4
135,96,12,2025-10-09,4
136,90,11,2025-08-21,3
137,33,9,2025-04-29,3
138,41,4,2025-03-03,2
139,98,24,2025-12-20,5
140,28,6,2025-09-05,2
141,98,9,2025-09-26,5
142,13,20,2025-04-10,3
143,47,10,2025-04-02,2
144,91,10,2025-10-01,1
145,6,5,2025-01-28,3
146,90,18,2025-03-06,3
147,14,21,2025-01-07,4
148,61,19,2025-09-03,3
149,24,15,2025-01-27,3
150,15,9,2025-02-03,4
151,10,13,2025-10-23,4
152,20,21,2025-03-18,1
153,39,26,2025-02-13,5
154,72,8,2025-08-02,1
155,80,20,2025-04-26,5
156,49,25,2025-08-19,5
157,39,30,2025-10-29,4
158,73,14,2025-11-14,3
159,95,2,2025-02-20,5
160,81,25,2025-04-19,2
161,21,9,2025-05-03,1
162,10,6,2025-03-22,5
163,58,1,2025-12-19,4
164,38,20,2025-01-17,4
165,91,8,2025-05-25,3
166,10,23,2025-12-18,4
167,81,8,2025-10-29,3
168,55,22,2025-02-28,2
169,83,18,2025-03-18,2
170,19,30,2025-02-06,3
171,40,2,2025-11-01,2
172,37,24,2025-08-13,5
173,89,4,2025-06-05,4
174,35,23,2025-09-14,4
175,57,18,2025-02-11,4
176,56,20,2025-06-15,1
177,4,20,2025-02-16,3
178,76,8,2025-01-11,5
179,74,25,2025-01-21,3
180,61,25,2025-09-23,2
181,36,21,2025-04-03,4
182,82,19,2025-09-09,4
183,45,3,2025-07-29,4
184,86,11,2025-02-23,3
185,43,28,2025-07-30,2
186,37,23,2025-12-06,4
187,5,13,2025-08-21,5
188,33,3,2025-06-15,3
189,66,4,2025-01-01,4
190,60,22,2025-07-31,5
191,67,2,2025-07-05,2
192,81,20,2025-08-15,4
193,27,25,2025-05-17,1
194,37,18,2025-08-13,2
195,16,29,2025-01-15,4
196,31,21,2025-12-30,5
197,71,6,2025-01-08,3
198,12,18,2025-04-26,4
199,60,27,2025-03-02,1
200,64,21,2025-05-30,2
201,54,17,2025-09-05,3
202,59,16,2025-10-10,2
203,25,5,2025-11-03,4
204,9,17,2025-05-22,2
205,44,25,2025-09-17,4
206,37,9,2025-06-02,1
207,75,27,2025-12-04,5
208,58,16,2025-10-03,2
209,43,16,2025-10-10,3
210,49,25,2025-08-22,5
211,25,30,2025-12-24,3
212,50,8,2025-04-30,5
213,6,28,2025-06-12,4
214,91,24,2025-07-15,4
215,64,13,2025-01-19,2
216,76,5,2025-06-19,5
217,57,28,2025-02-21,1
218,2,17,2025-03-15,4
219,10,14,2025-08-29,2
220,44,26,2025-11-16,3
221,84,23,2025-02-11,4
222,87,28,2025-10-01,3
223,81,13,2025-09-07,3
224,5,28,2025-11-13,5
225,81,3,2025-12-17,2
226,30,30,2025-02-16,3
227,98,14,2025-11-21,1
228,57,23,2025-03-27,1
229,4,23,2025-01-24,3
230,38,11,2025-07-03,1
231,19,12,2025-05-06,4
232,73,17,2025-12-16,4
233,22,26,2025-03-31,2
234,49,3,2025-11-14,5
235,64,22,2025-10-26,2
236,60,5,2025-11-23,2
237,33,9,2025-12-08,4
238,37,1,2025-12-13,4
239,10,18,2025-08-15,2
240,39,12,2025-11-24,5
241,59,14,2025-06-04,3
242,62,7,2025-02-24,4
243,74,8,2025-07-03,4
244,90,19,2025-06-01,3
245,36,1,2025-01-05,4
246,78,19,2025-09-12,1
247,100,27,2025-04-28,3
248,29,20,2025-11-22,3
249,33,7,2025-12-14,5
250,81,25,2025-02-19,2
251,40,29,2025-08-14,1
252,47,2,2025-03-09,5
253,42,3,2025-08-01,3
254,17,6,2025-10-04,2
255,68,29,2025-09-14,3
256,22,30,2025-05-12,3
257,38,30,2025-06-23,4
258,60,26,2025-02-08,1
259,87,5,2025-12-12,2
260,47,13,2025-02-16,5
261,2,26,2025-05-16,4
262,59,18,2025-07-08,1
263,75,22,2025-07-15,3
264,14,27,2025-12-12,3
265,4,8,2025-11-14,4
266,42,29,2025-11-09,5
267,82,8,2025-08-26,1
268,84,30,2025-07-29,3
269,6,4,2025-01-20,2
270,15,10,2025-02-19,4
271,18,8,2025-07-18,5
272,86,15,2025-12-23,3
273,76,18,2025-03-21,4
274,84,29,2025-02-20,4
275,79,27,2025-07-28,4
276,89,9,2025-07-09,1
277,57,7,2025-05-01,4
278,13,28,2025-12-18,3
279,83,12,2025-07-03,5
280,36,2,2025-04-08,4
281,12,4,2025-12-06,4
282,3,7,2025-01-26,5
283,32,26,2025-03-06,3
284,27,26,2025-02-05,5
285,27,27,2025-10-28,5
286,43,7,2025-03-17,2
287,1,26,2025-05-22,5
288,17,28,2025-10-04,2
289,15,9,2025-12-05,2
290,17,28,2025-01-08,1
291,76,12,2025-06-15,2
292,34,1,2025-01-27,2
293,68,5,2025-02-28,4
294,61,24,2025-08-18,1
295,66,25,2025-10-31,3
296,65,4,2025-04-24,4
297,94,20,2025-12-04,1
298,59,17,2025-11-26,3
299,62,1,2025-07-25,1
300,63,14,2025-12-31,1
301,10,30,2025-02-11,4
302,19,11,2025-02-03,5
303,80,5,2025-11-21,3
304,92,19,2025-06-16,5
305,68,13,2025-05-31,5
306,78,15,2025-08-09,5
307,84,4,2025-11-30,1
308,93,29,2025-04-21,5
309,30,14,2025-07-31,4
310,52,11,2025-08-01,4
311,41,24,2025-08-07,1
312,48,11,2025-03-20,3
313,9,22,2025-02-16,4
314,12,27,2025-08-10,1
315,17,4,2025-10-12,3
316,72,2,2025-10-15,5
317,53,11,2025-07-01,1
318,93,28,2025-01-27,4
319,40,10,2025-06-30,5
320,65,4,2025-04-19,5
321,29,5,2025-02-25,4
322,48,12,2025-02-28,5
323,74,25,2025-04-26,3
324,72,26,2025-11-15,4
325,4,20,2025-11-08,5
326,4,30,2025-04-03,3
327,44,9,2025-06-29,3
328,19,1,2025-10-17,2
329,9,22,2025-03-14,4
330,12,24,2025-09-29,1
331,54,7,2025-08-21,4
332,48,11,2025-06-09,2
333,100,24,2025-10-18,3
334,7,20,2025-03-21,1
335,7,6,2025-12-12,5
336,57,3,2025-12-05,3
337,78,14,2025-08-15,4
338,28,14,2025-09-20,3
339,56,4,2025-02-26,3
340,63,10,2025-09-27,5
341,6,22,2025-04-23,3
342,8,13,2025-01-04,5
343,28,7,2025-03-12,3
344,38,25,2025-06-17,3
345,64,4,2025-08-09,1
346,49,6,2025-09-30,2
347,65,23,2025-10-14,2
348,10,27,2025-07-23,3
349,56,28,2025-01-10,1
350,41,15,2025-10-22,1
351,52,14,2025-12-30,5
352,38,21,2025-02-28,4
353,42,13,2025-03-29,1
354,59,26,2025-12-20,5
355,12,30,2025-08-12,3
356,32,28,2025-08-12,1
357,68,19,2025-02-10,4
358,96,13,2025-06-23,3
359,100,8,2025-03-28,3
360,82,3,2025-02-28,5
361,25,17,2025-06-28,5
362,31,12,2025-02-22,2
363,26,5,2025-03-30,3
364,98,20,2025-12-02,2
365,99,3,2025-11-18,2
366,97,16,2025-10-16,4
367,58,25,2025-12-15,5
368,83,30,2025-11-22,5
369,81,20,2025-06-11,3
370,9,5,2025-08-29,4
371,36,15,2025-10-30,3
372,65,2,2025-02-07,3
373,58,10,2025-01-20,4
374,37,2,2025-02-09,3
375,79,21,2025-11-01,1
376,60,17,2025-10-25,4
377,58,18,2025-10-20,1
378,42,21,2025-11-06,2
379,20,16,2025-02-01,5
380,44,15,2025-02-13,1
381,6,17,2025-05-07,2
382,57,23,2025-09-26,4
383,21,17,2025-07-06,5
384,50,12,2025-07-29,3
385,87,25,2025-11-03,3
386,9,2,2025-06-18,3
387,87,4,2025-07-17,5
388,93,10,2025-12-03,3
389,20,30,2025-06-20,5
390,85,3,2025-03-14,5
391,40,30,2025-12-02,3
392,17,23,2025-11-01,4
393,40,23,2025-10-14,1
394,17,13,2025-12-10,3
395,12,23,2025-11-27,5
396,66,22,2025-07-05,4
397,40,1,2025-04-03,3
398,99,7,2025-09-06,3
399,18,7,2025-03-21,2
400,13,3,2025-09-17,3
401,95,25,2025-09-27,5
402,99,2,2025-11-13,3
403,49,5,2025-03-20,5
404,89,6,2025-11-16,2
405,93,26,2025-08-13,2
406,47,2,2025-12-13,4
407,57,24,2025-11-09,2
408,30,10,2025-10-01,4
409,61,8,2025-04-10,3
410,57,12,2025-08-25,5
411,100,25,2025-07-15,3
412,54,17,2025-03-24,5
413,78,27,2025-03-12,2
414,7,28,2025-11-25,3
415,71,16,2025-02-22,3
416,16,23,2025-05-26,5
417,35,3,2025-08-19,2
418,19,29,2025-08-12,5
419,58,3,2025-06-28,2
420,54,30,2025-01-28,1
421,48,13,2025-05-01,5
422,48,13,2025-04-25,1
423,13,1,2025-11-29,3
424,18,11,2025-01-20,2
425,90,10,2025-03-13,4
426,58,25,2025-11-12,4
427,3,1,2025-05-12,1
428,71,7,2025-11-08,2
429,15,17,2025-05-28,4
430,16,8,2025-01-25,3
431,82,8,2025-11-15,4
432,15,15,2025-09-13,1
433,3,20,2025-11-20,5
434,31,17,2025-03-15,5
435,1,10,2025-11-11,4
436,74,12,2025-08-02,2
437,68,6,2025-07-04,1
438,70,3,2025-09-17,5
439,71,26,2025-01-11,5
440,6,13,2025-11-22,4
441,33,13,2025-01-09,3
442,45,12,2025-05-04,1
443,99,24,2025-10-25,1
444,18,24,2025-01-23,3
445,44,12,2025-11-26,5
446,90,6,2025-09-03,4
447,18,21,2025-02-02,2
448,5,23,2025-05-31,4
449,26,7,2025-01-22,1
450,66,11,2025-07-23,3
451,61,27,2025-05-10,5
452,37,2,2025-07-02,2
453,84,28,2025-06-19,1
454,48,9,2025-08-12,1
455,96,29,2025-08-14,4
456,44,29,2025-04-06,4
457,48,16,2025-09-23,4
458,94,9,2025-08-06,1
459,78,3,2025-04-03,4
460,42,18,2025-02-22,3
461,85,3,2025-06-01,3
462,78,10,2025-08-07,4
463,45,6,2025-08-17,4
464,79,2,2025-08-11,3
465,10,9,2025-12-10,1
466,47,21,2025-09-20,4
467,4,26,2025-03-15,2
468,87,28,2025-08-13,5
469,9,2,2025-05-01,2
470,47,25,2025-07-16,3
471,78,19,2025-03-20,1
472,48,22,2025-07-10,4
473,74,15,2025-03-12,1
474,51,17,2025-06-10,3
475,32,21,2025-02-28,3
476,64,1,2025-09-23,2
477,16,13,2025-05-15,5
478,91,25,2025-08-17,3
479,37,7,2025-12-22,5
480,26,30,2025-03-04,4
481,58,5,2025-03-30,1
482,12,29,2025-12-16,4
483,86,28,2025-06-27,3
484,71,23,2025-10-05,1
485,21,10,2025-12-31,3
486,47,23,2025-09-18,2
487,26,8,2025-03-13,1
488,4,8,2025-07-04,4
489,48,18,2025-08-28,5
490,17,26,2025-11-10,5
491,9,29,2025-06-08,1
492,68,13,2025-07-30,4
493,74,25,2025-02-07,4
494,83,5,2025-02-07,3
495,88,15,2025-09-22,4
496,100,12,2025-10-10,2
497,24,21,2025-03-08,5
498,8,14,2025-03-05,5
499,39,17,2025-03-26,2
500,91,6,2025-04-26,3
501,37,12,2025-02-10,5
502,82,9,2025-10-10,2
503,81,9,2025-06-05,2
504,12,20,2025-09-15,5
505,76,21,2025-10-25,2
506,85,5,2025-11-16,2
507,44,24,2025-10-16,5
508,11,2,2025-01-24,1
509,34,21,2025-11-30,5
510,54,7,2025-11-13,5
511,64,21,2025-11-18,1
512,83,18,2025-06-04,3
513,88,16,2025-07-27,2
514,10,10,2025-12-19,4
515,57,2,2025-08-01,2
516,27,16,2025-06-24,4
517,41,20,2025-06-13,2
518,52,24,2025-03-08,3
519,66,25,2025-10-15,3
520,31,4,2025-08-27,3
521,58,4,2025-05-07,3
522,7,5,2025-05-29,1
523,54,13,2025-05-08,5
524,42,28,2025-10-23,2
525,25,24,2025-03-23,3
526,60,16,2025-09-13,5
527,64,29,2025-01-12,3
528,65,3,2025-08-23,4
529,75,8,2025-06-30,2
530,37,2,2025-09-11,1
531,37,20,2025-10-02,4
532,56,1,2025-03-10,1
533,94,29,2025-07-07,3
534,47,25,2025-01-24,4
535,73,13,2025-10-15,1
536,71,7,2025-05-28,3
537,65,3,2025-08-19,4
538,36,25,2025-11-16,5
539,16,22,2025-03-07,5
540,48,4,2025-06-23,4
541,97,18,2025-03-15,3
542,66,7,2025-07-25,5
543,6,17,2025-01-20,1
544,61,5,2025-09-23,3
545,78,15,2025-09-21,2
546,79,5,2025-06-13,3
547,79,6,2025-06-03,4
548,65,19,2025-09-18,3
549,91,18,2025-10-16,4
550,3,10,2025-07-08,4
551,54,11,2025-10-26,1
552,77,10,2025-08-31,1
553,74,9,2025-04-27,5
554,75,24,2025-09-03,1
555,81,6,2025-11-14,5
556,19,25,2025-12-15,4
557,74,8,2025-12-25,1
558,3,4,2025-08-14,2
559,20,11,2025-07-31,4
560,53,23,2025-09-14,2
561,61,25,2025-02-01,5
562,67,23,2025-04-17,2
563,85,18,2025-09-02,3
564,41,17,2025-03-30,4
565,44,15,2025-10-07,5
566,79,12,2025-09-05,3
567,36,7,2025-10-13,2
568,39,10,2025-05-28,2
569,89,23,2025-12-27,2
570,62,16,2025-06-28,3
571,37,18,2025-03-04,3
572,49,19,2025-07-22,5
573,99,27,2025-03-16,3
574,37,10,2025-02-10,1
575,84,12,2025-05-12,4
576,28,24,2025-04-14,4
577,35,27,2025-10-15,5
578,18,23,2025-02-25,3
579,31,20,2025-05-05,5
580,29,2,2025-11-23,5
581,13,8,2025-07-31,1
582,13,11,2025-12-15,4
583,1,25,2025-10-09,2
584,53,30,2025-12-01,2
585,62,30,2025-11-30,4
586,42,7,2025-05-27,3
587,99,21,2025-02-15,1
588,30,21,2025-10-01,5
589,23,24,2025-08-02,1
590,5,29,2025-07-23,2
591,24,26,2025-05-29,4
592,2,29,2025-06-02,1
593,14,19,2025-06-21,5
594,83,10,2025-10-06,4
595,18,17,2025-09-16,4
596,25,15,2025-02-27,3
597,94,11,2025-08-23,2
598,92,21,2025-04-06,3
599,38,1,2025-10-18,3
600,23,22,2025-11-09,2
601,55,28,2025-09-21,4
602,52,11,2025-12-09,1
603,18,4,2025-09-02,2
604,1,11,2025-05-14,2
605,58,13,2025-05-17,2
606,75,11,2025-10-21,3
607,84,1,2025-07-04,3
608,8,23,2025-12-08,2
609,40,4,2025-03-23,4
610,91,13,2025-06-09,5
611,82,23,2025-06-01,1
612,29,12,2025-04-23,5
613,20,5,2025-08-21,4
614,48,24,2025-08-01,5
615,61,23,2025-10-03,5
616,98,26,2025-05-07,2
617,11,22,2025-09-27,5
618,91,15,2025-07-05,5
619,15,3,2025-02-01,5
620,65,27,2025-04-14,5
621,20,19,2025-03-26,5
622,57,11,2025-03-01,5
623,92,22,2025-10-26,2
624,66,16,2025-08-17,1
625,59,26,2025-03-09,1
626,59,17,2025-10-16,4
627,60,2,2025-12-11,5
628,93,26,2025-01-12,3
629,1,13,2025-04-22,3
630,6,19,2025-08-05,1
631,70,12,2025-01-31,1
632,61,30,2025-01-17,1
633,24,10,2025-03-11,4
634,48,25,2025-07-15,4
635,49,15,2025-02-11,4
636,18,22,2025-12-01,5
637,16,28,2025-04-02,3
638,68,18,2025-03-07,4
639,1,24,2025-01-12,2
640,87,10,2025-10-06,4
641,49,14,2025-04-28,5
642,45,8,2025-03-21,4
643,93,9,2025-02-27,2
644,79,2,2025-01-09,4
645,9,8,2025-02-21,2
646,58,20,2025-11-03,1
647,32,22,2025-01-23,1
648,30,13,2025-10-04,4
649,18,7,2025-09-15,1
650,94,10,2025-10-22,2
651,77,11,2025-12-11,5
652,31,27,2025-06-04,3
653,85,29,2025-09-24,2
654,39,8,2025-05-21,4
655,76,2,2025-03-31,5
656,72,21,2025-09-11,4
657,83,2,2025-12-10,3
658,41,13,2025-12-23,5
659,20,14,2025-06-03,4
660,97,13,2025-10-03,2
661,29,16,2025-06-03,2
662,60,28,2025-01-30,2
663,54,18,2025-10-13,4
664,50,17,2025-05-05,2
665,43,9,2025-11-28,2
666,48,3,2025-02-17,4
667,7,18,2025-05-18,2
668,78,13,2025-01-21,5
669,25,28,2025-10-28,1
670,28,24,2025-09-03,5
671,39,7,2025-01-08,3
672,95,7,2025-03-02,2
673,32,24,2025-12-23,4
674,51,20,2025-05-03,2
675,100,18,2025-05-25,3
676,69,13,2025-11-29,4
677,34,12,2025-07-04,3
678,60,17,2025-02-20,4
679,98,26,2025-06-13,4
680,48,30,2025-06-10,2
681,73,14,2025-04-24,1
682,3,24,2025-05-14,2
683,75,18,2025-08-02,5
684,26,10,2025-06-18,2
685,73,8,2025-05-06,4
686,84,16,2025-12-17,5
687,98,11,2025-09-08,3
688,59,24,2025-03-28,4
689,22,24,2025-03-13,3
690,63,24,2025-04-05,5
691,83,30,2025-01-31,5
692,10,17,2025-12-09,1
693,53,2,2025-03-12,1
694,9,27,2025-12-29,2
695,28,5,2025-09-16,1
696,8,15,2025-11-13,3
697,62,21,2025-12-04,5
698,1,16,2025-09-30,1
699,2,18,2025-01-09,4
700,69,17,2025-05-27,3
701,90,1,2025-12-12,5
702,14,14,2025-02-19,2
703,31,17,2025-04-09,2
704,33,20,2025-07-01,5
705,11,9,2025-07-11,4
706,73,13,2025-05-05,4
707,39,23,2025-12-17,2
708,84,27,2025-11-29,1
709,12,25,2025-07-27,1
710,71,13,2025-09-01,4
711,90,2,2025-03-29,1
712,56,3,2025-11-27,4
713,73,26,2025-02-18,3
714,6,29,2025-04-28,5
715,61,7,2025-05-19,5
716,88,2,2025-05-24,1
717,73,29,2025-12-03,5
718,41,2,2025-01-09,2
719,19,7,2025-12-31,5
720,10,27,2025-06-03,4
721,31,6,2025-10-18,5
722,87,27,2025-10-04,4
723,97,11,2025-03-13,4
724,65,26,2025-06-27,1
725,56,2,2025-04-29,1
726,44,27,2025-11-06,1
727,77,25,2025-07-23,5
728,4,25,2025-11-21,3
729,63,9,2025-04-27,4
730,49,12,2025-08-10,5
731,85,6,2025-07-14,5
732,38,3,2025-05-07,5
733,11,23,2025-05-18,1
734,92,5,2025-11-21,4
735,41,5,2025-07-04,4
736,1,4,2025-06-07,1
737,98,15,2025-05-19,3
738,12,4,2025-04-06,2
739,72,14,2025-10-12,4
740,14,17,2025-01-14,4
741,71,3,2025-02-17,3
742,42,20,2025-07-17,5
743,53,1,2025-07-18,3
744,93,25,2025-10-14,1
745,74,29,2025-09-24,2
746,22,6,2025-03-13,4
747,35,9,2025-09-10,3
748,22,5,2025-08-11,1
749,39,9,2025-09-05,4
750,47,26,2025-05-09,1
751,77,8,2025-11-12,4
752,14,7,2025-03-11,4
753,51,10,2025-06-20,1
754,49,27,2025-06-18,5
755,56,15,2025-11-30,3
756,39,20,2025-06-14,2
757,62,20,2025-06-10,2
758,41,6,2025-05-30,4
759,74,24,2025-05-05,4
760,36,11,2025-07-21,4
761,73,12,2025-04-13,1
762,24,19,2025-12-16,5
763,4,25,2025-08-25,5
764,57,23,2025-05-30,2
765,53,27,2025-12-11,1
766,82,16,2025-06-05,2
767,85,8,2025-03-20,3
768,49,23,2025-02-07,4
769,62,15,2025-10-26,5
770,65,13,2025-12-21,5
771,5,14,2025-07-04,5
772,77,23,2025-11-23,5
773,14,30,2025-05-08,1
774,22,22,2025-11-28,3
775,73,20,2025-11-27,1
776,97,22,2025-06-19,4
777,14,26,2025-01-06,4
778,29,4,2025-09-19,3
779,72,24,2025-10-25,5
780,29,23,2025-08-17,5
781,60,12,2025-12-14,4
782,20,19,2025-06-26,5
783,14,1,2025-06-01,4
784,15,14,2025-03-14,1
785,44,12,2025-08-22,3
786,67,26,2025-09-05,2
787,13,12,2025-08-13,4
788,41,24,2025-02-04,4
789,91,10,2025-02-28,1
790,83,1,2025-02-25,3
791,95,22,2025-05-05,2
792,71,17,2025-03-23,2
793,55,11,2025-08-25,5
794,81,8,2025-04-05,4
795,51,6,2025-01-15,4
796,26,24,2025-08-19,5
797,50,19,2025-01-03,4
798,27,23,2025-05-23,2
799,74,25,2025-02-22,1
800,24,26,2025-07-07,5
801,59,11,2025-02-28,2
802,68,9,2025-11-24,4
803,50,11,2025-11-09,5
804,15,13,2025-06-28,5
805,80,12,2025-03-30,4
806,79,27,2025-10-30,3
807,41,3,2025-03-02,2
808,15,8,2025-04-04,3
809,66,12,2025-07-18,2
810,18,14,2025-10-22,5
811,24,13,2025-09-07,4
812,89,21,2025-11-27,5
813,72,30,2025-03-27,2
814,18,16,2025-04-06,3
815,80,11,2025-01-28,4
816,2,28,2025-09-06,3
817,50,5,2025-10-15,2
818,53,17,2025-12-17,4
819,91,16,2025-08-16,4
820,11,16,2025-10-17,2
821,38,1,2025-01-17,2
822,69,9,2025-05-28,2
823,73,6,2025-09-11,4
824,15,18,2025-10-21,5
825,100,4,2025-10-06,3
826,70,27,2025-01-22,3
827,70,25,2025-04-22,4
828,95,14,2025-12-01,1
829,39,25,2025-01-17,2
830,45,15,2025-02-14,3
831,100,15,2025-05-02,1
832,89,7,2025-06-29,5
833,81,28,2025-08-08,5
834,18,6,2025-04-16,5
835,8,27,2025-10-19,2
836,36,12,2025-11-02,5
837,42,18,2025-12-27,2
838,74,10,2025-05-17,3
839,87,28,2025-02-18,5
840,8,5,2025-05-22,4
841,90,28,2025-03-09,2
842,92,8,2025-06-14,2
843,98,27,2025-12-13,2
844,19,13,2025-10-23,4
845,81,21,2025-08-01,3
846,10,13,2025-11-21,4
847,52,26,2025-09-21,1
848,89,24,2025-07-08,3
849,42,15,2025-10-25,4
850,94,1,2025-08-23,1
851,9,21,2025-10-01,3
852,55,13,2025-04-19,2
853,42,16,2025-05-26,3
854,74,11,2025-03-08,5
855,44,19,2025-12-16,4
856,6,25,2025-02-20,1
857,3,21,2025-03-05,4
858,57,30,2025-08-22,2
859,26,1,2025-12-19,4
860,84,30,2025-06-04,2
861,12,6,2025-12-02,3
862,11,12,2025-07-10,3
863,7,22,2025-07-22,2
864,93,21,2025-12-25,3
865,55,25,2025-12-02,2
866,1,3,2025-04-20,1
867,17,16,2025-10-31,1
868,88,8,2025-08-16,5
869,90,1,2025-06-25,1
870,55,27,2025-12-22,1
871,10,5,2025-04-28,4
872,94,13,2025-02-22,1
873,48,4,2025-06-03,3
874,100,5,2025-03-10,4
875,9,21,2025-09-29,2
876,79,19,2025-11-29,1
877,45,6,2025-04-20,4
878,53,21,2025-11-12,2
879,28,22,2025-02-14,4
880,18,29,2025-03-05,1
881,45,19,2025-08-08,4
882,32,11,2025-05-22,2
883,32,21,2025-10-11,1
884,93,20,2025-11-08,5
885,85,10,2025-06-04,1
886,78,7,2025-09-18,5
887,38,7,2025-11-27,4
888,64,2,2025-07-17,2
889,64,4,2025-11-23,2
890,68,20,2025-01-07,1
891,17,12,2025-07-18,3
892,54,28,2025-07-07,5
893,98,18,2025-08-30,2
894,3,25,2025-10-28,1
895,34,3,2025-04-21,1
896,51,2,2025-09-17,1
897,99,10,2025-08-01,5
898,11,14,2025-11-24,4
899,79,18,2025-03-20,5
900,40,9,2025-02-10,1
901,20,17,2025-10-02,2
902,76,11,2025-11-21,4
903,40,25,2025-12-24,1
904,8,14,2025-05-06,2
905,15,3,2025-08-21,4
906,8,20,2025-06-08,5
907,16,22,2025-01-07,2
908,90,23,2025-01-06,2
909,45,6,2025-09-25,4
910,22,17,2025-07-10,3
911,94,5,2025-03-02,3
912,43,25,2025-08-08,1
913,9,9,2025-05-15,5
914,81,23,2025-02-09,5
915,66,16,2025-07-04,4
916,73,2,2025-03-27,4
917,33,12,2025-02-22,2
918,87,29,2025-03-01,5
919,1,8,2025-01-23,5
920,32,28,2025-01-24,1
921,50,16,2025-03-18,3
922,71,6,2025-12-02,1
923,42,14,2025-05-08,2
924,35,14,2025-02-09,3
925,16,19,2025-09-15,3
926,23,22,2025-04-25,1
927,6,26,2025-07-25,5
928,37,3,2025-06-09,4
929,71,11,2025-08-22,1
930,26,1,2025-05-30,3
931,95,19,2025-11-15,3
932,48,8,2025-10-30,4
933,94,16,2025-10-07,2
934,20,25,2025-01-04,2
935,4,30,2025-04-30,4
936,82,18,2025-12-22,3
937,43,29,2025-01-01,1
938,95,25,2025-06-07,4
939,68,4,2025-05-02,2
940,8,14,2025-03-14,4
941,12,23,2025-01-23,3
942,67,30,2025-07-31,2
943,59,23,2025-02-13,3
944,65,19,2025-03-10,1
945,10,21,2025-10-31,4
946,56,19,2025-12-06,1
947,38,5,2025-05-14,2
948,51,28,2025-12-25,3
949,41,27,2025-08-20,3
950,10,9,2025-04-14,2
951,14,5,2025-03-21,5
952,58,4,2025-08-27,2
953,16,11,2025-10-02,4
954,58,12,2025-06-07,2
955,16,15,2025-02-16,3
956,91,6,2025-12-23,3
957,28,20,2025-06-17,1
958,92,5,2025-05-08,1
959,66,12,2025-01-26,4
960,34,22,2025-03-31,3
961,58,1,2025-10-12,4
962,32,24,2025-02-18,5
963,18,15,2025-03-04,1
964,100,1,2025-04-24,1
965,52,5,2025-07-10,2
966,75,22,2025-10-28,1
967,3,9,2025-02-03,1
968,17,7,2025-02-17,4
969,16,29,2025-01-22,3
970,22,15,2025-10-21,1
971,64,14,2025-01-16,4
972,23,13,2025-07-01,4
973,36,7,2025-05-24,2
974,5,15,2025-11-11,2
975,32,20,2025-11-28,5
976,53,10,2025-10-09,4
977,12,16,2025-05-24,1
978,54,13,2025-04-13,2
979,32,21,2025-11-19,5
980,3,26,2025-07-15,5
981,62,26,2025-10-06,3
982,45,26,2025-10-17,4
983,50,17,2025-05-19,3
984,41,6,2025-11-02,1
985,100,8,2025-05-24,1
986,68,2,2025-07-03,4
987,30,25,2025-03-23,5
988,85,4,2025-05-04,2
989,95,9,2025-01-29,5
990,74,25,2025-07-18,2
991,23,12,2025-05-02,2
992,95,19,2025-12-24,3
993,4,12,2025-12-27,5
994,73,23,2025-10-16,3
995,25,5,2025-09-10,5
996,23,18,2025-09-09,3
997,8,2,2025-04-30,1
998,3,20,2025-09-27,2
999,43,16,2025-11-11,1
1000,44,7,2025-04-01,2
